script,instance,pre_size,post_size,ann_size,checkpoints,certified,certify_time_s,inline_time_s,inline_forced_time_s
n-queens.uplc,1,3280,2925,9620,1,True,0.004268,0.021861,0.022512
n-queens.uplc,2,2720,2361,2740,0,True,0.000989,0.011801,0.012033
n-queens.uplc,3,2244,2391,2645,0,True,0.000829,0.011268,0.011444
n-queens.uplc,4,2266,1948,2204,0,True,0.000715,0.010496,0.010707
n-queens.uplc,5,1820,1770,1799,0,True,0.000388,0.008515,0.008688
n-queens.uplc,6,1767,1764,1766,0,True,0.000321,0.008131,0.008237
n-queens.uplc,7,1764,1764,1764,0,True,0.000316,0.008117,0.008259
n-queens.uplc,8,1764,1764,1764,0,True,0.000317,0.008160,0.008271
n-queens.uplc,9,1764,1764,1764,0,True,0.000318,0.008148,0.008291
n-queens.uplc,10,1764,1764,1764,0,True,0.000321,0.008217,0.008313
n-queens.uplc,11,1764,1764,1764,0,True,0.000322,0.008088,0.008168
n-queens.uplc,12,1764,1764,1764,0,True,0.000311,0.007986,0.008007
n-queens.uplc,13,1773,1774,1782,0,True,0.000346,0.007623,0.007723
n-queens.uplc,14,1770,1756,1761,0,True,0.000369,0.007480,0.007560
n-queens.uplc,15,1756,1756,1756,0,True,0.000327,0.007384,0.007490
n-queens.uplc,16,1756,1756,1756,0,True,0.000325,0.007363,0.007470
coop.uplc,1,5328,5078,5424,0,True,0.018162,0.021818,0.022076
coop.uplc,2,4761,3979,12999,1,True,0.008720,0.050470,0.050927
coop.uplc,3,3822,3839,4178,0,True,0.002035,0.024269,0.024549
coop.uplc,4,3725,3531,3758,0,True,0.002869,0.022566,0.022725
coop.uplc,5,3406,3311,3372,0,True,0.001434,0.019908,0.020078
coop.uplc,6,3306,3300,3304,0,True,0.000949,0.019083,0.019367
coop.uplc,7,3300,3300,3300,0,True,0.000922,0.019046,0.019382
coop.uplc,8,3300,3300,3300,0,True,0.000927,0.019156,0.019296
coop.uplc,9,3300,3300,3300,0,True,0.000929,0.019065,0.019183
coop.uplc,10,3300,3300,3300,0,True,0.000929,0.019071,0.019271
coop.uplc,11,3300,3300,3300,0,True,0.000925,0.019121,0.019292
coop.uplc,12,3300,3300,3300,0,True,0.000928,0.019023,0.019352
coop.uplc,13,3314,3278,3302,0,True,0.001117,0.017103,0.017182
coop.uplc,14,3276,3264,3284,0,True,0.000989,0.016682,0.016823
coop.uplc,15,3264,3264,3264,0,True,0.000966,0.016537,0.016784
coop.uplc,16,3264,3264,3264,0,True,0.000968,0.016557,0.016775
linear-vesting.uplc,1,2892,2752,8613,1,True,0.002872,0.022397,0.022955
linear-vesting.uplc,2,2616,2547,7768,1,True,0.001821,0.020406,0.020764
linear-vesting.uplc,3,2501,2500,2574,0,True,0.000641,0.010302,0.010420
linear-vesting.uplc,4,2484,2452,2476,0,True,0.001111,0.011226,0.011393
linear-vesting.uplc,5,2444,2446,2452,0,True,0.000554,0.009723,0.009832
linear-vesting.uplc,6,2446,2451,2455,0,True,0.000551,0.009658,0.009793
linear-vesting.uplc,7,2451,2456,2460,0,True,0.000555,0.009635,0.009750
linear-vesting.uplc,8,2456,2461,2465,0,True,0.000560,0.009662,0.009771
linear-vesting.uplc,9,2461,2466,2470,0,True,0.000568,0.009666,0.009772
linear-vesting.uplc,10,2466,2471,2475,0,True,0.000575,0.009652,0.009796
linear-vesting.uplc,11,2471,2476,2480,0,True,0.000583,0.009648,0.009754
linear-vesting.uplc,12,2476,2481,2485,0,True,0.000594,0.009645,0.009814
linear-vesting.uplc,13,2518,2519,2573,0,True,0.000750,0.008907,0.009022
linear-vesting.uplc,14,2495,2459,2486,0,True,0.000643,0.008739,0.008876
linear-vesting.uplc,15,2459,2464,2468,0,True,0.000586,0.008689,0.008837
linear-vesting.uplc,16,2464,2469,2473,0,True,0.000598,0.008715,0.008850
cardano-loans.uplc,1,13597,13642,14598,0,True,0.113553,0.226210,0.225922
cardano-loans.uplc,2,11965,10909,12246,0,True,0.020492,0.205644,0.205751
cardano-loans.uplc,3,10338,10129,10817,0,True,0.013250,0.196168,0.196642
cardano-loans.uplc,4,9949,9910,10360,0,True,0.011380,0.198383,0.198299
cardano-loans.uplc,5,9623,9315,9518,0,True,0.011552,0.207039,0.207391
cardano-loans.uplc,6,9313,9307,9311,0,True,0.006411,0.189051,0.189194
cardano-loans.uplc,7,9307,9307,9307,0,True,0.006406,0.188611,0.188559
cardano-loans.uplc,8,9307,9307,9307,0,True,0.006381,0.188362,0.189477
cardano-loans.uplc,9,9307,9307,9307,0,True,0.006423,0.189010,0.189066
cardano-loans.uplc,10,9307,9307,9307,0,True,0.006429,0.188511,0.189183
cardano-loans.uplc,11,9307,9307,9307,0,True,0.006402,0.188053,0.188723
cardano-loans.uplc,12,9307,9307,9307,0,True,0.006419,0.187792,0.191340
cardano-loans.uplc,13,9304,9271,27858,1,True,0.012633,0.366200,0.373803
cardano-loans.uplc,14,9266,9254,9257,0,True,0.006543,0.185895,0.185471
cardano-loans.uplc,15,9254,9254,9254,0,True,0.006129,0.186003,0.186398
cardano-loans.uplc,16,9254,9254,9254,0,True,0.006162,0.185829,0.185900
marlowe-semantics.uplc,1,14130,13448,14122,0,True,0.110240,0.054493,0.054733
marlowe-semantics.uplc,2,13127,12414,13213,0,True,0.014045,0.058371,0.058636
marlowe-semantics.uplc,3,12128,11872,60284,2,True,0.026840,0.170161,0.170152
marlowe-semantics.uplc,4,11700,11840,12019,0,True,0.010051,0.053565,0.053897
marlowe-semantics.uplc,5,11830,11389,11679,0,True,0.009507,0.051744,0.051900
marlowe-semantics.uplc,6,11389,11365,11381,0,True,0.006277,0.050700,0.050830
marlowe-semantics.uplc,7,11365,11365,11365,0,True,0.006256,0.050555,0.051109
marlowe-semantics.uplc,8,11365,11365,11365,0,True,0.006260,0.050605,0.050955
marlowe-semantics.uplc,9,11365,11365,11365,0,True,0.006314,0.050766,0.051085
marlowe-semantics.uplc,10,11365,11365,11365,0,True,0.006283,0.050608,0.051493
marlowe-semantics.uplc,11,11365,11365,11365,0,True,0.006245,0.050652,0.051053
marlowe-semantics.uplc,12,11365,11365,11365,0,True,0.006261,0.051218,0.051018
marlowe-semantics.uplc,13,11458,11404,11444,0,True,0.008203,0.051060,0.051925
marlowe-semantics.uplc,14,11389,11386,11399,0,True,0.006355,0.050157,0.051217
marlowe-semantics.uplc,15,11386,11386,11386,0,True,0.006315,0.050926,0.051314
marlowe-semantics.uplc,16,11386,11386,11386,0,True,0.006346,0.051331,0.051389
marlowe-semantics-data.uplc,1,14463,13832,14452,0,True,0.100648,0.062744,0.062701
marlowe-semantics-data.uplc,2,13388,12784,13475,0,True,0.014647,0.067943,0.069676
marlowe-semantics-data.uplc,3,12510,12248,62088,2,True,0.028147,0.207682,0.214074
marlowe-semantics-data.uplc,4,12083,12208,12372,0,True,0.010751,0.067931,0.068496
marlowe-semantics-data.uplc,5,12189,11798,12077,0,True,0.008452,0.065596,0.065365
marlowe-semantics-data.uplc,6,11789,11784,11799,0,True,0.007506,0.064359,0.064263
marlowe-semantics-data.uplc,7,11784,11760,11776,0,True,0.006568,0.063584,0.063975
marlowe-semantics-data.uplc,8,11760,11760,11760,0,True,0.006511,0.065945,0.063661
marlowe-semantics-data.uplc,9,11760,11760,11760,0,True,0.006492,0.064143,0.063600
marlowe-semantics-data.uplc,10,11760,11760,11760,0,True,0.006463,0.063241,0.063468
marlowe-semantics-data.uplc,11,11760,11760,11760,0,True,0.006434,0.065031,0.063624
marlowe-semantics-data.uplc,12,11760,11760,11760,0,True,0.006531,0.064023,0.063425
marlowe-semantics-data.uplc,13,11862,11802,11847,0,True,0.008541,0.061479,0.062359
marlowe-semantics-data.uplc,14,11789,11783,11800,0,True,0.006467,0.061303,0.060626
marlowe-semantics-data.uplc,15,11784,11781,11788,0,True,0.006516,0.060482,0.060740
marlowe-semantics-data.uplc,16,11781,11781,11781,0,True,0.006516,0.059523,0.060437
marlowe-rolepayout.uplc,1,3531,3190,3394,0,True,0.006744,0.009130,0.009272
marlowe-rolepayout.uplc,2,3036,2873,3140,0,True,0.000812,0.009507,0.009530
marlowe-rolepayout.uplc,3,2757,2672,2997,0,True,0.002680,0.016562,0.016558
marlowe-rolepayout.uplc,4,2632,2652,2694,0,True,0.001556,0.007410,0.007375
marlowe-rolepayout.uplc,5,2648,2553,2614,0,True,0.001443,0.006970,0.007213
marlowe-rolepayout.uplc,6,2553,2544,2550,0,True,0.001211,0.006868,0.007013
marlowe-rolepayout.uplc,7,2544,2544,2544,0,True,0.001214,0.006857,0.006910
marlowe-rolepayout.uplc,8,2544,2544,2544,0,True,0.001220,0.006816,0.006876
marlowe-rolepayout.uplc,9,2544,2544,2544,0,True,0.001249,0.006869,0.006893
marlowe-rolepayout.uplc,10,2544,2544,2544,0,True,0.001229,0.006819,0.006960
marlowe-rolepayout.uplc,11,2544,2544,2544,0,True,0.001268,0.006807,0.006970
marlowe-rolepayout.uplc,12,2544,2544,2544,0,True,0.001282,0.006861,0.006964
marlowe-rolepayout.uplc,13,2519,2516,2518,0,True,0.001541,0.006558,0.006669
marlowe-rolepayout.uplc,14,2516,2516,2516,0,True,0.001539,0.006577,0.006691
marlowe-rolepayout.uplc,15,2516,2516,2516,0,True,0.001548,0.006584,0.006679
marlowe-rolepayout.uplc,16,2516,2516,2516,0,True,0.001543,0.006602,0.006703
marlowe-rolepayout-data.uplc,1,2510,2396,2467,0,True,0.000541,0.004408,0.004535
marlowe-rolepayout-data.uplc,2,2298,2207,2315,0,True,0.000695,0.006239,0.006317
marlowe-rolepayout-data.uplc,3,2132,2071,2218,0,True,0.001175,0.011388,0.011498
marlowe-rolepayout-data.uplc,4,2026,2040,2075,0,True,0.000955,0.010419,0.010497
marlowe-rolepayout-data.uplc,5,2028,1952,2029,0,True,0.001032,0.011106,0.011210
marlowe-rolepayout-data.uplc,6,1946,1944,1952,0,True,0.000770,0.010166,0.010262
marlowe-rolepayout-data.uplc,7,1944,1929,1939,0,True,0.000679,0.010000,0.010072
marlowe-rolepayout-data.uplc,8,1929,1929,1929,0,True,0.000668,0.010051,0.010070
marlowe-rolepayout-data.uplc,9,1929,1929,1929,0,True,0.000669,0.010037,0.010090
marlowe-rolepayout-data.uplc,10,1929,1929,1929,0,True,0.000665,0.010041,0.010097
marlowe-rolepayout-data.uplc,11,1929,1929,1929,0,True,0.000670,0.009969,0.010115
marlowe-rolepayout-data.uplc,12,1929,1929,1929,0,True,0.000667,0.010003,0.010130
marlowe-rolepayout-data.uplc,13,1926,1920,1924,0,True,0.000720,0.009959,0.010018
marlowe-rolepayout-data.uplc,14,1920,1917,1919,0,True,0.000682,0.009837,0.009953
marlowe-rolepayout-data.uplc,15,1917,1917,1917,0,True,0.000677,0.009843,0.009972
marlowe-rolepayout-data.uplc,16,1917,1917,1917,0,True,0.000678,0.009859,0.009959
guardrail-sorted.uplc,1,5865,5397,6846,0,True,0.017825,0.026968,0.027340
guardrail-sorted.uplc,2,4564,2759,11017,1,True,0.012256,0.069905,0.070524
guardrail-sorted.uplc,3,2604,2182,2943,0,True,0.000874,0.010417,0.010591
guardrail-sorted.uplc,4,2160,2025,6191,1,True,0.000998,0.012619,0.013025
guardrail-sorted.uplc,5,2010,1998,2005,0,True,0.000342,0.006026,0.006145
guardrail-sorted.uplc,6,1998,1998,1998,0,True,0.000332,0.005865,0.005985
guardrail-sorted.uplc,7,1998,1998,1998,0,True,0.000331,0.005831,0.005961
guardrail-sorted.uplc,8,1998,1998,1998,0,True,0.000333,0.005824,0.005961
guardrail-sorted.uplc,9,1998,1998,1998,0,True,0.000329,0.005830,0.005953
guardrail-sorted.uplc,10,1998,1998,1998,0,True,0.000330,0.005818,0.005983
guardrail-sorted.uplc,11,1998,1998,1998,0,True,0.000331,0.005826,0.005946
guardrail-sorted.uplc,12,1998,1998,1998,0,True,0.000330,0.005819,0.005948
guardrail-sorted.uplc,13,1653,1539,1615,0,True,0.000324,0.003397,0.003501
guardrail-sorted.uplc,14,1539,1539,1539,0,True,0.000263,0.002886,0.002982
guardrail-sorted.uplc,15,1539,1539,1539,0,True,0.000263,0.002882,0.002981
guardrail-sorted.uplc,16,1539,1539,1539,0,True,0.000264,0.002889,0.002987
guardrail-unsorted.uplc,1,5864,5384,6834,0,True,0.017071,0.026468,0.026555
guardrail-unsorted.uplc,2,4558,2757,10995,1,True,0.011392,0.069831,0.070517
guardrail-unsorted.uplc,3,2607,2181,2939,0,True,0.000651,0.010597,0.010786
guardrail-unsorted.uplc,4,2161,2040,2120,0,True,0.000397,0.006686,0.006774
guardrail-unsorted.uplc,5,2028,2011,2018,0,True,0.000277,0.005823,0.005983
guardrail-unsorted.uplc,6,2011,2011,2011,0,True,0.000233,0.005672,0.005783
guardrail-unsorted.uplc,7,2011,2011,2011,0,True,0.000232,0.005658,0.005742
guardrail-unsorted.uplc,8,2011,2011,2011,0,True,0.000232,0.005697,0.005820
guardrail-unsorted.uplc,9,2011,2011,2011,0,True,0.000232,0.005693,0.005776
guardrail-unsorted.uplc,10,2011,2011,2011,0,True,0.000233,0.005739,0.005779
guardrail-unsorted.uplc,11,2011,2011,2011,0,True,0.000231,0.005626,0.005790
guardrail-unsorted.uplc,12,2011,2011,2011,0,True,0.000231,0.005710,0.005756
guardrail-unsorted.uplc,13,1666,1552,1628,0,True,0.000257,0.003350,0.003419
guardrail-unsorted.uplc,14,1552,1552,1552,0,True,0.000200,0.002843,0.002959
guardrail-unsorted.uplc,15,1552,1552,1552,0,True,0.000203,0.002830,0.002935
guardrail-unsorted.uplc,16,1552,1552,1552,0,True,0.000200,0.002849,0.002964
guardrail-sorted-data.uplc,1,5980,5504,6960,0,True,0.017914,0.026987,0.027374
guardrail-sorted-data.uplc,2,4668,2850,11309,1,True,0.012049,0.069245,0.069268
guardrail-sorted-data.uplc,3,2695,2273,3034,0,True,0.000878,0.010601,0.010709
guardrail-sorted-data.uplc,4,2251,2116,6464,1,True,0.001020,0.013139,0.013428
guardrail-sorted-data.uplc,5,2101,2089,2096,0,True,0.000346,0.006203,0.006348
guardrail-sorted-data.uplc,6,2089,2089,2089,0,True,0.000331,0.005927,0.006117
guardrail-sorted-data.uplc,7,2089,2089,2089,0,True,0.000330,0.006150,0.006129
guardrail-sorted-data.uplc,8,2089,2089,2089,0,True,0.000328,0.005958,0.006136
guardrail-sorted-data.uplc,9,2089,2089,2089,0,True,0.000331,0.005950,0.006163
guardrail-sorted-data.uplc,10,2089,2089,2089,0,True,0.000328,0.005933,0.006177
guardrail-sorted-data.uplc,11,2089,2089,2089,0,True,0.000330,0.005923,0.006129
guardrail-sorted-data.uplc,12,2089,2089,2089,0,True,0.000331,0.005937,0.006160
guardrail-sorted-data.uplc,13,1745,1622,1706,0,True,0.000335,0.003694,0.003874
guardrail-sorted-data.uplc,14,1622,1622,1622,0,True,0.000271,0.003147,0.003244
guardrail-sorted-data.uplc,15,1622,1622,1622,0,True,0.000268,0.003146,0.003240
guardrail-sorted-data.uplc,16,1622,1622,1622,0,True,0.000267,0.003152,0.003266
guardrail-unsorted-data.uplc,1,5979,5491,6948,0,True,0.016782,0.026468,0.026726
guardrail-unsorted-data.uplc,2,4662,2848,11287,1,True,0.011680,0.068951,0.069743
guardrail-unsorted-data.uplc,3,2698,2272,3030,0,True,0.000651,0.010656,0.010814
guardrail-unsorted-data.uplc,4,2252,2131,2211,0,True,0.000395,0.006888,0.007049
guardrail-unsorted-data.uplc,5,2119,2102,2109,0,True,0.000284,0.006091,0.006398
guardrail-unsorted-data.uplc,6,2102,2102,2102,0,True,0.000240,0.005954,0.006079
guardrail-unsorted-data.uplc,7,2102,2102,2102,0,True,0.000242,0.005959,0.006015
guardrail-unsorted-data.uplc,8,2102,2102,2102,0,True,0.000242,0.005950,0.006099
guardrail-unsorted-data.uplc,9,2102,2102,2102,0,True,0.000242,0.006069,0.006031
guardrail-unsorted-data.uplc,10,2102,2102,2102,0,True,0.000242,0.005959,0.006077
guardrail-unsorted-data.uplc,11,2102,2102,2102,0,True,0.000241,0.005943,0.006029
guardrail-unsorted-data.uplc,12,2102,2102,2102,0,True,0.000242,0.006152,0.006118
guardrail-unsorted-data.uplc,13,1758,1635,1719,0,True,0.000276,0.003700,0.003798
guardrail-unsorted-data.uplc,14,1635,1635,1635,0,True,0.000207,0.003163,0.003268
guardrail-unsorted-data.uplc,15,1635,1635,1635,0,True,0.000208,0.003165,0.003277
guardrail-unsorted-data.uplc,16,1635,1635,1635,0,True,0.000208,0.003167,0.003288
